read_name	read_number	chr1	breakpoint1	is_forward1	insert_size	is_supplementary1	mapping_quality1	cigar1	clip_side1	largest_clip_length1	largest_match_length1	extra_bases1	query_sequence	chr2	start2	breakpoint2	is_forward2	mapping_quality2	cigar2	clip_side2	largest_clip_length2	largest_match_length2	extra_bases2	sv_type	mh_length	ins_length	mh_seq	ins_seq	extra_bases
LH00328:605:2325J5LT3:5:1105:25860:17157	True	chr2	1153053	True	0	True	60	65M72H	right	72	65	0	CTAGAGGTGCAGCTGAAGTGCACCCCGGCACTGCGGCTTGTGCGCTGAATGCACCCCGGCACCGCCTGTGGTCCCAGCTACTTACTACTCGGGAGGCTGAGGTGGGAACCAGATCGCTTACATCTGGGTGGCTGAGG	chr8	11721856	11721856	True	60	57S80M	left	57	80	0	TRA	8	0	GGCACCGC		0
LH00328:605:2325J5LT3:5:2285:41391:8478	True	chr2	1153055	True	0	True	60	67M83H	right	83	67	0	CCTCCTCAAAGTCAAAGTGGGACTTCTTGCTGTAGCTACAGGGCCGGGTCACCTGGAGTCAGACGAGAGAGAAAGCGCTGAGACCGCGGTGCCGGGGTGCATTCAGCGCACAAGCCGCAGTGCCGGGGTGCACTTCAGCTGCACCTCTGA	chr13	114789779	114789872	False	60	93M57S	right	57	93	0	TRA	10	0	GTCAGACGAG		0
LH00328:605:2325J5LT3:5:2285:41401:8462	True	chr2	1153055	True	0	True	60	67M83H	right	83	67	0	CCTCCTCAAAGTCAAAGTGGGACTTCTTGCTGTAGCTACAGGGCCGGGTCACCTGGAGTCAGACGAGAGAGAAAGCGCTGAGACCGCGGTGCCGGGGTGCATTCAGCGCACAAGCCGCAGTGCCGGGGTGCACTTCAGCTGCACCTCTGA	chr13	114789779	114789872	False	60	93M57S	right	57	93	0	TRA	10	0	GTCAGACGAG		0
LH00328:605:2325J5LT3:5:2285:41410:8478	True	chr2	1153055	True	0	True	60	67M83H	right	83	67	0	CCTCCTCAAAGTCAAAGTGGGACTTCTTGCTGTAGCTACAGGGCCGGGTCACCTGGAGTCAGACGAGAGAGAAAGCGCTGAGACCGCGGTGCCGGGGTGCATTCAGCGCACAAGCCGCAGTGCCGGGGTGCACTTCAGCTGCACCTCTGA	chr13	114789779	114789872	False	60	93M57S	right	57	93	0	TRA	10	0	GTCAGACGAG		0
LH00328:605:2325J5LT3:5:1105:25860:17157	False	chr2	1153053	False	0	True	60	65M72H	right	72	65	0	CTAGAGGTGCAGCTGAAGTGCACCCCGGCACTGCGGCTTGTGCGCTGAATGCACCCCGGCACCGCCTGTGGTCCCAGCTACTTACTACTCGGGAGGCTGAGGTGGGAACCAGATCGCTTACATCTGGGTGGCTGAGG	chr8	11721856	11721856	False	60	57S80M	left	57	80	0	TRA	8	0	GGCACCGC		0
LH00328:605:2325J5LT3:5:1106:35484:25019	True	chr2	1153054	True	65	False	60	65M24S	right	24	65	0	CAGAGGTGCAGCTGAAGTGCACCCCGGCACTGCGGCTTGTGCGCTGAATGCACCCCTGCACCGCGCAGAAACCCTATTAATAGGCTTTT	chr1	39951750	39951786	False	60	36M53S	right	53	36	0	TRA	12	0	CCCTGCACCGCG		0
LH00328:605:2325J5LT3:5:1117:4273:14579	True	chr2	1153052	True	0	True	0	3H63M48H	right	48	63	3	TCAGCGGGACGGGAGAGGCGGAGGTTCCAGGAGGGAGCCTTCCAGAGTCGGTGCAGGGGTGCATTCAGCGCACAAGCCGCAGTGCCGGGGTGCACTTCAGCTGCACCTCTGCTG	chr5	272694	272752	False	0	58M56S	right	56	58	0	TRA	7	0	GGGTGCA		0
LH00328:605:2325J5LT3:5:1250:25213:10239	True	chr2	1153052	True	0	True	3	63M76H	right	76	63	0	GAGAGGTGCAGCTGAAGTGCACCCCGGCACTGCGGCTTGTGCGCTGAATGCACCCCGGCACCGGAGTTTTGGGTTCACGGATAAAACATGTCTCTTTTGTCTCTACCAGAAAATGAAAGGAATTGAAATTAAGAGAAGG	chrX	91360113	91360113	True	3	54S85M	left	54	85	0	TRA	9	0	CCGGCACCG		0
LH00328:605:2325J5LT3:5:2121:9653:14931	True	chr2	1153054	True	65	False	60	65M24S	right	24	65	0	TAGAGGTGCAGCTGAAGTGCACCCCGGCACTGCGGCTTGTGCGCTGAATGCACNCCTGCACCGCGCAGAAACCCTATTAATAGGCTTTT	chr1	39951750	39951785	False	60	35M54S	right	54	35	0	TRA	11	0	CCTGCACCGCG		0
LH00328:605:2325J5LT3:5:2205:13786:20776	True	chr2	1153054	True	167	True	34	65M85H	right	85	65	0	CAGAGGTGCAGCTGAAGTGCACCCCGGCCCTACGGCTGGGGCACTGAATTCACCCCGGCACCGCGCCCCTCTGACTTTCTTTCACCCATTCGCTTGGCTTGTTCGTCCTTGGCAAAAGCCCCCCATACCCTCACACGTGCACAAGGATGC	chr2	1153083	1153083	True	42	94S56M	left	94	56	0	DEL	0	29		CCCCTCTGACTTTCTTTCACCCATTCGCT	0
LH00328:605:2325J5LT3:5:2223:41530:8558	True	chr2	1153057	True	-1780	True	60	68M82H	right	82	68	0	GCAATTTCAGTGCAAGTCCAAATTTCAGGGCTGAGCTCAGAGCCCCTGGGGCCATGTGTGCAAGAATCTGGACGTCAGCCCCAGCCGCGGTGCCGGGGTGCATTCAGCGCACAAGCCGCAGTGCCGGGGTGCACTTCAGCTGCACCTCTG	chr2	1151218	1151299	False	60	81M69S	right	69	81	0	INV	0	1		T	0
LH00328:605:2325J5LT3:5:1106:35484:25019	False	chr2	1153054	False	-65	False	60	65M24S	right	24	65	0	AAGAGGTGCAGCTGAAGTGCACCCCGGCACTGCGGCTTGTGCGCTGAATGCACCCCTGCACCGCGCAGAAACCCTATTAATAGGCTTTT	chr1	39951750	39951786	True	60	36M53S	right	53	36	0	TRA	12	0	CCCTGCACCGCG		0
LH00328:605:2325J5LT3:5:1117:4273:14579	False	chr2	1153052	False	0	True	0	3H63M48H	right	48	63	3	CAGCAGAGGTGCAGCTGAAGTGCACCCCGGCACTGCGGCTTGTGCGCTGAATGCACCCCTGCACCGACTCTGGAAGGCTCCCTCCTGGAACCTCCGCCTCTCCCGTCCCGCTGA	chr5	1633094	1633094	False	0	56S58M	left	56	58	0	TRA	7	0	CCCTGCA		0
LH00328:605:2325J5LT3:5:1250:25213:10239	False	chr2	1153052	False	0	True	3	63M76H	right	76	63	0	GAGAGGTGCAGCTGAAGTGCACCCCGGCACTGCGGCTTGTGCGCTGAATGCACCCCGGCACCGGAGTTTTGGGTTCACGGATAAAACATGTCTCTTTTGTCTCTACCAGAAAATGAAAGGAATTGAAATTAAGAGAAGG	chrX	91360113	91360113	False	3	54S85M	left	54	85	0	TRA	9	0	CCGGCACCG		0
LH00328:605:2325J5LT3:5:2121:9653:14931	False	chr2	1153054	False	-65	False	60	65M24S	right	24	65	0	TAGAGGTGCAGCTGAAGTGCACCCCGGCACTGCGGCTTGTGCGCTGAATGCACCCCTGCACCGCGCAGAAACCCTATTAATAGGCTTTT	chr1	39951750	39951786	True	60	36M53S	right	53	36	0	TRA	12	0	CCCTGCACCGCG		0
LH00328:605:2325J5LT3:5:2186:30371:27213	False	chr2	1153054	False	0	True	60	65M59H	right	59	65	0	GAGAGGTGCAGCTGAAGTGCACCCCGGCACTGCGGCTTGTGCGCTGAATGCACCCCGGCACCGCGCCTGGCCACGCCCAGCTAATTTTTAAAAATATTTTTAGCAGAGACGGGGTTTCACTATG	chr16	71754157	71754157	False	60	58S66M	left	58	66	0	TRA	7	0	CACCGCG		0
LH00328:605:2325J5LT3:5:2254:38359:20007	False	chr2	1153053	False	-64	False	60	64M62S	right	62	64	0	AAGAGGTGCAGCTGAAGTGCACCCCGGCACTGCGGCTTGTGCGCTGAATGCACCCCTGCACCGCCGCTCCCCCCCCCCACCCCCCCCCCCCCCCCCCCCCCTCCCCCCCCCCCCCCCCCCCCCCCC	chr2	33141443	33141501	True	0	58M68S	right	68	58	0	INV	0	4		CGCT	0
LH00328:605:2325J5LT3:5:1147:14858:14114	True	chr2	1153054	True	0	True	60	2H64M59H	right	59	64	2	TGAGAGGTGCAGCTGAAGTGCACCCCGGCACTGCGGCTTGTGCGCTGAATGCACCCCGGCACCGCGCCTGGCCACGCCCAGCTAATTTTTAAAAATATTTTTAGCAGAGACGGGGTTTCACTATG	chr16	71754157	71754157	True	60	59S66M	left	59	66	0	TRA	5	0	CACCG		0
LH00328:605:2325J5LT3:5:1181:45450:13266	True	chr2	1153057	True	67	False	60	2S67M40S	right	40	67	2	AGAGAGGTGCAGCTGAAGTGCACCCCGGCACTGCGGCTTGTGCGCTGAATGCACCCCGGCACCGCGGCTGTAATTAGGCTGCGGGGTCCCGGGCTCTCCGCCTCACTCC	chr12	57632073	57632073	True	60	62S47M	left	62	47	0	TRA	5	0	CGCGG		2
LH00328:605:2325J5LT3:5:1181:45459:13282	True	chr2	1153057	True	67	False	60	2S67M40S	right	40	67	2	AGAGAGGTGCAGCTGAAGTGCACCCCGGCACTGCGGCTTGTGCGCTGAATGCACCCCGGCACCGCGGCTGTAATTAGGCTGCGGGGTCCCGGGCTCTCCGCCTCACTCC	chr12	57632073	57632073	True	60	62S47M	left	62	47	0	TRA	5	0	CGCGG		2
LH00328:605:2325J5LT3:5:1188:35844:21801	True	chr2	1153054	True	64	False	60	64M29S	right	29	64	0	AGAGGTGCAGCTGAAGTGCACCCCGGCACTGCGGCTTGTGCGCTGAATGCACCCCGGCACCGCGTCTCTTCCCCTCTCCTCTTGAGTACCAGT	chr17	12631146	12631146	True	60	56S37M	left	56	37	0	TRA	8	0	GCACCGCG		0
LH00328:605:2325J5LT3:5:1193:14304:15428	True	chr2	1153056	True	76	False	60	4S8M1D57M21S	right	21	57	13	GATGAGAGGTGCGCTGAAGTGCACCCCGGCACTGCGGCTTGTGCGCTGAATGCACCCCGGCACTGCGGCGTGTGCGCTGAATTCACCCCG	chr2	1153006	1153006	True	54	50S40M	left	50	40	0	DUP	7	0	TGCACCC		13
LH00328:605:2325J5LT3:5:1238:18723:20071	True	chr2	1153056	True	0	True	60	2H66M79H	right	79	66	2	AAAGAGGTGCAGCTGAAGTGCACCCCGGCACTGCGGCTTGTGCGCTGAATGCACCCCGGCACCGCGGCACTTGCTTGGAGGGTTTGGGCTCCCAGATTGTAAACCAGTGAAAGCACCCAAATCAACAGTAAGATCAATAGTCGGCCG	chrX	105577494	105577494	True	60	66S81M	left	66	81	0	TRA	0	0			0
LH00328:605:2325J5LT3:5:1269:41003:4987	True	chr2	1153052	True	0	True	3	2H62M76H	right	76	62	2	TGAGAGGTGCAGCTGAAGTGCACCCCGGCACTGCGGCTTGTGCGCTGAATGCACCCCGGCACCGGAGTTTTGGGTTCACGGATAAAACATGTCTCTTTTGTCTCTACCAGAAAATGAAAGGAATTGAAATTAAGAGAAGG	chrX	91360113	91360113	True	3	55S85M	left	55	85	0	TRA	7	0	CCGGCAC		0
LH00328:605:2325J5LT3:5:1288:20396:17301	True	chr2	1153052	True	0	True	3	2H62M76H	right	76	62	2	GTAGAGGTGCAGCTGAAGTGCACCCCGGCACTGCGGCTTGTGCGCTGAATGCACCCCGGCACCGGAGTTTTGGGTTCACGGATAAAACATGTCTCTTTTGTCTCTACCAGAAAATGAAAGGAATTGAAATTAAGAGAAGG	chrX	91360113	91360113	True	3	55S85M	left	55	85	0	TRA	7	0	CCGGCAC		0
LH00328:605:2325J5LT3:5:1288:20405:17285	True	chr2	1153052	True	0	True	3	2H62M76H	right	76	62	2	GTAGAGGTGCAGCTGAAGTGCACCCCGGCACTGCGGCTTGTGCGCTGAATGCACCCCGGCACCGGAGTTTTGGGTTCACGGATAAAACATGTCTCTTTTGTCTCTACCAGAAAATGAAAGGAATTGAAATTAAGAGAAGG	chrX	91360113	91360113	True	3	55S85M	left	55	85	0	TRA	7	0	CCGGCAC		0
LH00328:605:2325J5LT3:5:2119:5373:17733	True	chr2	1153054	True	64	False	60	4S64M31S	right	31	64	4	ACGGAGAGGTGCAGCTGAAGTGCACCCCGGCACTGCGGCTTGTGCGCTGAATGCACCCCGGCACCGCGCCCGGCCACTGTCATACATTTTTATGAGGCA	chr3	160755715	160755753	False	60	38M61S	right	61	38	0	TRA	3	0	CAC		4
LH00328:605:2325J5LT3:5:2127:6565:7725	True	chr2	1153053	True	0	True	60	2H63M85H	right	85	63	2	GTAGAGGTGCAGCTGAAGTGCACCCCGGCACTGCGGCTTGTGCGCTGAATGCACCCCGCCACCGCCACCAGACACCACCATCGCTGTGTAGTGTGGGTTTTTATTCGTGTTCGTGTGTGTGTGTGGACACATTTTCCTTTTCGGTTGCTC	chr20	57465803	57465803	True	60	51S99M	left	51	99	0	TRA	12	0	CACCCCGCCACC		0
LH00328:605:2325J5LT3:5:2141:18538:6364	True	chr2	1153054	True	64	False	60	4S64M24S	right	24	64	4	TAGTAGAGGTGCAGCTGAAGTGCACCCCGGCACTGCGGCTTGTGCGCTGAATGCACCCCTGCACCGCGCAGAAACCCTATTAATAGGCTTTT	chr1	39951750	39951786	False	60	36M56S	right	56	36	0	TRA	8	0	CCCTGCAC		4
LH00328:605:2325J5LT3:5:2158:40994:13906	True	chr2	1153054	True	64	False	60	4S64M31S	right	31	64	4	TCGGAGAGGTGCAGCTGAAGTGCACCCCGGCACTGCGGCTTGTGCGCTGAATGCACCCCGGCACCGCGCCCGGCCACTGTCATACATTTTTATGAGGCA	chr3	160755715	160755753	False	60	38M61S	right	61	38	0	TRA	3	0	CAC		4
LH00328:605:2325J5LT3:5:2175:48418:3130	True	chr2	1153052	True	0	True	3	62M76H	right	76	62	0	AGAGGTGCAGCTGAAGTGCACCCCGGCACTGCGGCTTGTGCGCTGAATGCACCCCGGCACCGGAGTTTTGGGTTCACGGATAAAACATGTCTCTTTTGTCTCTACCAGAAAATGAAAGGAATTGAAATTAAGAGAAGG	chrX	91360113	91360113	True	3	53S85M	left	53	85	0	TRA	9	0	CCGGCACCG		0
LH00328:605:2325J5LT3:5:2203:11696:29487	True	chr2	1153054	True	64	False	60	64M24S	right	24	64	0	AGAGGTGCAGCTGAAGTGCACCCCGGCACTGCGGCTTGTGCGCTGAATGCACCCCTGCACCGCGCAGAAACCCTATTAATAGGCTTTT	chr1	39951750	39951786	False	60	36M52S	right	52	36	0	TRA	12	0	CCCTGCACCGCG		0
LH00328:605:2325J5LT3:5:2237:43370:1881	True	chr2	1153054	True	64	False	60	2S64M31S	right	31	64	2	GTAGAGGTGCAGCTGAAGTGCACCCCGGCACTGCGGCTTGTGCGCTGAATGCACCCCGGCACCGCGCCCGGCCACTGTCATACATTTTTATGAGGCA	chr3	160755715	160755753	False	60	38M59S	right	59	38	0	TRA	5	0	CACCG		2
LH00328:605:2325J5LT3:5:2262:28448:18950	True	chr2	1153054	True	64	False	60	64M24S	right	24	64	0	AGAGGTGCAGCTGAAGTGCACCCCGGCACTGCGGCTTGTGCGCTGAATGCACCCCTGCACCGCGCAGAAACCCTATTAATAGGCTTTT	chr1	39951750	39951786	False	60	36M52S	right	52	36	0	TRA	12	0	CCCTGCACCGCG		0
LH00328:605:2325J5LT3:5:2267:6935:16500	True	chr2	1153054	True	64	False	60	64M32S	right	32	64	0	AGAGGTGCAGCTGAAGTGCACCCCGGCACTGCGGCTTGTGCGCTGAATGCACCCCGGCACCGCGCCGGTGAAAAATTTTTGTCACTTTATTTAATG	chr8	19016106	19016106	True	60	57S39M	left	57	39	0	TRA	7	0	CACCGCG		0
LH00328:605:2325J5LT3:5:2278:2858:29679	True	chr2	1153055	True	0	True	53	4H65M81H	right	81	65	4	TATTAGAGGTGCAGCTGAAGTGCACCCCGGCACTGCGGCTTGTGCGCTGAATGCACCCCGGCACCGCGGTGGACACAGGAAGGGGAACATCACACACCTGGGCCTGTCGTGGGGTGGGAGGAACGGGGGAGGGATAGCATTAGGAGATAA	chr4	148609154	148609154	True	53	69S81M	left	69	81	0	TRA	0	4		GCGG	0
LH00328:605:2325J5LT3:5:2279:32710:11536	True	chr2	1153057	True	67	False	60	4S67M38S	right	38	67	4	CCAAAGAGGTGCAGCTGAAGTGCACCCCGGCACTGCGGCTTGTGCGCTGAATGCACCCCGGCACCGCGGCTTGTGCTGTATAGTGTTTCACTTTGTGAATATATTCTAA	chr13	110458472	110458518	False	60	46M63S	right	63	46	0	TRA	4	0	CCGC		4
LH00328:605:2325J5LT3:5:2297:39764:4955	True	chr2	1153054	True	64	False	60	64M43S	right	43	64	0	AGAGGTGCAGCTGAAGTGCACCCCGGCACTGCGGCTTGTGCGCTGAATGCACCCCGCCACCGCGCCCGGCTAATTTTTTGTATTTTTTAGTAGAGACGGGGTTTCAC	chr2	115155474	115155530	False	0	56M51S	right	51	56	0	INV	13	0	CCCCGCCACCGCG		0
LH00328:605:2325J5LT3:5:1147:14858:14114	False	chr2	1153054	False	0	True	60	2H64M59H	right	59	64	2	TGAGAGGTGCAGCTGAAGTGCACCCCGGCACTGCGGCTTGTGCGCTGAATGCACCCCGGCACCGCGCCTGGCCACGCCCAGCTAATTTTTAAAAATATTTTTAGCAGAGACGGGGTTTCACTATG	chr16	71754157	71754157	False	60	59S66M	left	59	66	0	TRA	5	0	CACCG		0
LH00328:605:2325J5LT3:5:1181:45450:13266	False	chr2	1153057	False	-67	False	60	2S67M40S	right	40	67	2	AGAGAGGTGCAGCTGAAGTGCACCCCGGCACTGCGGCTTGTGCGCTGAATGCACCCCGGCACCGCGGCTGTAATTAGGCTGCGGGGTCCCGGGCTCTCCGCCTCACTCC	chr12	57632073	57632073	False	60	62S47M	left	62	47	0	TRA	5	0	CGCGG		2
LH00328:605:2325J5LT3:5:1181:45459:13282	False	chr2	1153057	False	-67	False	60	2S67M40S	right	40	67	2	AGAGAGGTGCAGCTGAAGTGCACCCCGGCACTGCGGCTTGTGCGCTGAATGCACCCCGGCACCGCGGCTGTAATTAGGCTGCGGGGTCCCGGGCTCTCCGCCTCACTCC	chr12	57632073	57632073	False	60	62S47M	left	62	47	0	TRA	5	0	CGCGG		2
LH00328:605:2325J5LT3:5:1188:35844:21801	False	chr2	1153054	False	-64	False	60	64M29S	right	29	64	0	AGAGGTGCAGCTGAAGTGCACCCCGGCACTGCGGCTTGTGCGCTGAATGCACCCCGGCACCGCGTCTCTTCCCCTCTCCTCTTGAGTACCAGT	chr17	12631146	12631146	False	60	56S37M	left	56	37	0	TRA	8	0	GCACCGCG		0
LH00328:605:2325J5LT3:5:1215:40153:22986	False	chr2	1153053	False	22	True	6	63M67H	right	67	63	0	GGGGGGGGGGGGGGGGGGGGGGGGGGGGGAGGGGGGGGGGGGGGGGGGGGGGGGGGGGGGGGGGGTAGCGGTGCAGGGGTGCATTCAGCGCACAAGCCGCAGTGCCGGGGTGCACTTCAGCTGCACCTCT	chr2	33141438	33141503	True	6	65M65S	right	65	65	0	INV	0	2		TA	0
LH00328:605:2325J5LT3:5:1238:18723:20071	False	chr2	1153056	False	0	True	60	2H66M79H	right	79	66	2	AAAGAGGTGCAGCTGAAGTGCACCCCGGCACTGCGGCTTGTGCGCTGAATGCACCCCGGCACCGCGGCACTTGCTTGGAGGGTTTGGGCTCCCAGATTGTAAACCAGTGAAAGCACCCAAATCAACAGTAAGATCAATAGTCGGCCG	chrX	105577494	105577494	False	60	66S81M	left	66	81	0	TRA	0	0			0
LH00328:605:2325J5LT3:5:1269:41003:4987	False	chr2	1153052	False	0	True	3	2H62M76H	right	76	62	2	TGAGAGGTGCAGCTGAAGTGCACCCCGGCACTGCGGCTTGTGCGCTGAATGCACCCCGGCACCGGAGTTTTGGGTTCACGGATAAAACATGTCTCTTTTGTCTCTACCAGAAAATGAAAGGAATTGAAATTAAGAGAAGG	chrX	91360113	91360113	False	3	55S85M	left	55	85	0	TRA	7	0	CCGGCAC		0
LH00328:605:2325J5LT3:5:1288:20396:17301	False	chr2	1153052	False	0	True	3	2H62M76H	right	76	62	2	GTAGAGGTGCAGCTGAAGTGCACCCCGGCACTGCGGCTTGTGCGCTGAATGCACCCCGGCACCGGAGTTTTGGGTTCACGGATAAAACATGTCTCTTTTGTCTCTACCAGAAAATGAAAGGAATTGAAATTAAGAGAAGG	chrX	91360113	91360113	False	3	55S85M	left	55	85	0	TRA	7	0	CCGGCAC		0
LH00328:605:2325J5LT3:5:1288:20405:17285	False	chr2	1153052	False	0	True	3	2H62M76H	right	76	62	2	GTAGAGGTGCAGCTGAAGTGCACCCCGGCACTGCGGCTTGTGCGCTGAATGCACCCCGGCACCGGAGTTTTGGGTTCACGGATAAAACATGTCTCTTTTGTCTCTACCAGAAAATGAAAGGAATTGAAATTAAGAGAAGG	chrX	91360113	91360113	False	3	55S85M	left	55	85	0	TRA	7	0	CCGGCAC		0
LH00328:605:2325J5LT3:5:2119:5373:17733	False	chr2	1153054	False	-64	False	60	4S64M31S	right	31	64	4	ACGGAGAGGTGCAGCTGAAGTGCACCCCGGCACTGCGGCTTGTGCGCTGAATGCACCCCGGCACCGCGCCCGGCCACTGTCATACATTTTTATGAGGCA	chr3	160755715	160755753	True	60	38M61S	right	61	38	0	TRA	3	0	CAC		4
LH00328:605:2325J5LT3:5:2141:18538:6364	False	chr2	1153054	False	-64	False	60	4S64M24S	right	24	64	4	TAGTAGAGGTGCAGCTGAAGTGCACCCCGGCACTGCGGCTTGTGCGCTGAATGCACCCCTGCACCGCGCAGAAACCCTATTAATAGGCTTTT	chr1	39951750	39951786	True	60	36M56S	right	56	36	0	TRA	8	0	CCCTGCAC		4
LH00328:605:2325J5LT3:5:2158:40994:13906	False	chr2	1153054	False	-64	False	60	4S64M31S	right	31	64	4	TCGGAGAGGTGCAGCTGAAGTGCACCCCGGCACTGCGGCTTGTGCGCTGAATGCACCCCGGCACCGCGCCCGGCCACTGTCATACATTTTTATGAGGCA	chr3	160755715	160755753	True	60	38M61S	right	61	38	0	TRA	3	0	CAC		4
LH00328:605:2325J5LT3:5:2175:48418:3130	False	chr2	1153052	False	0	True	3	62M76H	right	76	62	0	AGAGGTGCAGCTGAAGTGCACCCCGGCACTGCGGCTTGTGCGCTGAATGCACCCCGGCACCGGAGTTTTGGGTTCACGGATAAAACATGTCTCTTTTGTCTCTACCAGAAAATGAAAGGAATTGAAATTAAGAGAAGG	chrX	91360113	91360113	False	3	53S85M	left	53	85	0	TRA	9	0	CCGGCACCG		0
LH00328:605:2325J5LT3:5:2203:11696:29487	False	chr2	1153054	False	-64	False	60	64M24S	right	24	64	0	AGAGGTGCAGCTGAAGTGCACCCCGGCACTGCGGCTTGTGCGCTGAATGCACCCCTGCACCGCGCAGAAACCCTATTAATAGGCTTTT	chr1	39951750	39951786	True	60	36M52S	right	52	36	0	TRA	12	0	CCCTGCACCGCG		0
LH00328:605:2325J5LT3:5:2237:43370:1881	False	chr2	1153054	False	-64	False	60	2S64M31S	right	31	64	2	GTAGAGGTGCAGCTGAAGTGCACCCCGGCACTGCGGCTTGTGCGCTGAATGCACCCCGGCACCGCGCCCGGCCACTGTCATACATTTTTATGAGGCA	chr3	160755715	160755753	True	60	38M59S	right	59	38	0	TRA	5	0	CACCG		2
LH00328:605:2325J5LT3:5:2262:28448:18950	False	chr2	1153054	False	-64	False	60	64M24S	right	24	64	0	AGAGGTGCAGCTGAAGTGCACCCCGGCACTGCGGCTTGTGCGCTGAATGCACCCCTGCACCGCGCAGAAACCCTATTAATAGGCTTTT	chr1	39951750	39951786	True	60	36M52S	right	52	36	0	TRA	12	0	CCCTGCACCGCG		0
LH00328:605:2325J5LT3:5:2267:6935:16500	False	chr2	1153054	False	-64	False	60	64M32S	right	32	64	0	AGAGGTGCAGCTGAAGTGCACCCCGGCACTGCGGCTTGTGCGCTGAATGCACCCCGGCACCGCGCCGGTGAAAAATTTTTGTCACTTTATTTAATG	chr8	19016106	19016106	False	60	57S39M	left	57	39	0	TRA	7	0	CACCGCG		0
LH00328:605:2325J5LT3:5:2279:32710:11536	False	chr2	1153057	False	-67	False	60	4S67M38S	right	38	67	4	CCAAAGAGGTGCAGCTGAAGTGCACCCCGGCACTGCGGCTTGTGCGCTGAATGCACCCCGGCACCGCGGCTTGTGCTGTATAGTGTTTCACTTTGTGAATATATTCTAA	chr13	110458472	110458518	True	60	46M63S	right	63	46	0	TRA	4	0	CCGC		4
LH00328:605:2325J5LT3:5:2297:39764:4955	False	chr2	1153054	False	-64	False	60	64M43S	right	43	64	0	AGAGGTGCAGCTGAAGTGCACCCCGGCACTGCGGCTTGTGCGCTGAATGCACCCCGCCACCGCGCCCGGCTAATTTTTTGTATTTTTTAGTAGAGACGGGGTTTCAC	chr2	115155474	115155530	True	0	56M51S	right	51	56	0	INV	13	0	CCCCGCCACCGCG		0
LH00328:605:2325J5LT3:5:2186:30371:27213	True	chr2	1153054	True	0	True	60	2H63M59H	right	59	63	2	GCGAGGTGCAGCTGAAGTGCACCCCGGCACTGCGGCTTGTGCGCTGAATGCACCCCGGCACCGCGCCTGGCCACGCCCAGCTAATTTTTAAAAATATTTTTAGCAGAGACGGGGTTTCACTATG	chr16	71754157	71754157	True	60	58S66M	left	58	66	0	TRA	5	0	CACCG		0
LH00328:605:2325J5LT3:5:1130:1555:2569	False	chr2	1153053	False	0	False	60	6S61M57S	right	57	61	6	CCTAATAGGTGCAGCTGAAGTGCACCCCTGCACTGCGGCTTGTGCGCTGAATGCACCCCGGCACCGCCGCCCGTGCCCCCCACTCCACCCCCCCCCCCCCCCCCCCCCCCCCCCCCCCCCTCCC	chr2	33141464	33141501	True	0	37M87S	right	87	37	0	INV	0	26		CACCGCCGCCCGTGCCCCCCACTCCA	6
LH00328:605:2325J5LT3:5:1296:22855:10576	False	chr2	1153053	False	0	True	0	61M65H	right	65	61	0	GGGGGGGGGGGGGGGGGGGGAGGGGGGGGGGGGGGGGGGGGGGGGGGGAGGGGGGGGGAAGAGCAGCGGTGCAGGGGTGCATTCAGCGCACAAGCCGCAGTGCCGGGGTGCACTTAAGCTGCACCT	chr2	33141447	33141505	True	0	58M68S	right	68	58	0	INV	0	7		TGCTCTT	0
LH00328:605:2325J5LT3:5:2223:41530:8558	False	chr2	1153057	False	-1759	True	60	60M90H	right	90	60	0	GAGAGGCAGCAATTTCAGTGCAAGTCCAAATTTCAGGGCTGAGCTCAGAGCCCCTGGGGCCATGTGTGCAAGAATCTGGACGTCAGCCCCAGCCGCGGTGCCGGGGTGCATTCAGCGCACAAGCCGCAGTGCCGGGGTGCACTTCAGCTG	chr2	1151210	1151299	True	60	89M61S	right	61	89	0	INV	0	1		G	0
LH00328:605:2325J5LT3:5:2127:6565:7725	False	chr2	1153053	False	0	True	60	52M98H	right	98	52	0	TGAAGTGCACCCCGGCACTGCGGCTTGTGCGCTGAATGCACCCCGCCACCGCCACCAGACACCACCATCGCTGTGTAGTGTGGGTTTTTATTCGTGTTCGTGTGTGTGTGTGGACACATTTTCCTTTTCGGTTGCTCTGTCCTTTGGTTC	chr20	57465803	57465803	False	60	38S112M	left	38	112	0	TRA	14	0	CACCCCGCCACCGC		0
LH00328:605:2325J5LT3:5:2278:2858:29679	False	chr2	1153055	False	0	True	60	54M96H	right	96	54	0	TGAAATGCACCCCTGCACTGCGGCTTGTGCGCTGAATGCACCCCGGCACCGCGGTGGACACAGGAAGGGGAACATCACACACCTGGGCCTGTCGTGGGGTGGGAGGAACGGGGGAGGGATAGCATTAGGAGATAAACCTAACGTAAGTGG	chr4	148609154	148609154	False	60	54S96M	left	54	96	0	TRA	0	0			0
LH00328:605:2325J5LT3:5:2270:38868:4875	False	chr2	1153053	False	-63	True	0	47M83H	right	83	47	0	GGGGGGGGGGGGGGGGGGGGGGGGGGGGGGGGGGGGGGGGGGGGGGGGGGAGGGGGGGGGGGGGGGAGGGGGGGGGGGGGGGAGCGGTGCAGGGGTGCATTCAGCGCACAAGCCGCAGTGCCGGGGTGCA	chr2	33141557	33141639	True	0	82M48S	right	48	82	0	INV	0	1		T	0
LH00328:605:2325J5LT3:5:1231:12889:6348	False	chr2	1153053	False	-63	True	0	45M85H	right	85	45	0	GGGGGGGGGGGGGGGGGGGGGGGGGGGGGGGGGGGGGGGGGGGAGGGGGGGGGGGGGGGGGGGGGGGGGGGAGGGGGGGGGGGCGGCGGTGCAGGGGTGCATTCAGCGCACAAGCCGCAGTGCAGGGGTG	chr2	33141424	33141507	True	0	83M47S	right	47	83	0	INV	0	2		CG	0
