chr1	breakpoint1	chr2	breakpoint2	clip_side1	clip_side2	sv_type	mh_seq	ins_seq	read_count	frag_count	mapq1_mean	match1_mean	mapq2_mean	match2_mean	mh_length	ins_length	aliquot	sample
chr2	1153051	chr2	1153035	left	right	DEL	GCGGCTCGTGCGCTG		1	1	60.0	58.0	50.0	45.0	15	0	NA01_A	NA01
chr2	1153052	chr16	721083	right	right	TRA	CCTGCACCG		6	3	60.0	62.666666666666664	60.0	54.0	9	0	NA01_A	NA01
chr2	1153052	chr20	13974463	right	right	TRA		T	11	6	60.0	62.36363636363637	60.0	45.0	0	1	NA01_A	NA01
chr2	1153052	chr20	48683559	right	left	TRA	CCCAGCACCG		2	1	60.0	64.0	60.0	67.0	10	0	NA01_A	NA01
chr2	1153053	chr1_jh636053_fix	1125075	right	left	TRA	C		8	4	8.5	62.5	8.5	88.375	1	0	NA01_A	NA01
chr2	1153053	chr2	1153106	right	left	DEL		TCCTCGTGGGCTTTTTCTCAACCCCTACTGCAGCTTTTTCTTCCTTGGCACAT	1	1	60.0	64.0	60.0	33.0	0	53	NA01_A	NA01
chr2	1153053	chr2	1153108	right	left	DEL		CGACCGCGCGCGGTCTTTTAACCCGGGTTGTGGCTTGTGTGTAGTTGGCGGACGT	1	1	60.0	63.0	60.0	32.0	0	55	NA01_A	NA01
chr2	1153053	chr2	33141406	right	right	INV		TGCTCTTG	1	1	17.0	41.0	17.0	81.0	0	8	NA01_A	NA01
chr2	1153053	chr6	131368171	right	left	TRA	ACCGC		5	3	60.0	55.4	60.0	99.6	5	0	NA01_A	NA01
chr2	1153053	chr7	24324103	right	right	TRA			6	4	60.0	64.0	60.0	43.0	0	0	NA01_A	NA01
chr2	1153054	chr1	68636136	right	left	TRA	CACCGCG		5	3	60.0	54.2	60.0	102.8	7	0	NA01_A	NA01
chr2	1153054	chr1	169293376	right	left	TRA	GGCACCGCG		4	2	60.0	61.5	60.0	97.5	9	0	NA01_A	NA01
chr2	1153054	chr10	118857633	right	right	TRA	CCGGGCGCG		2	2	60.0	65.0	60.0	70.0	9	0	NA01_A	NA01
chr2	1153054	chr10	118857633	right	right	TRA	CGGGCGCGG		1	1	60.0	66.0	60.0	70.0	9	0	NA01_A	NA01
chr2	1153054	chr10	118857633	right	right	TRA	GCCACCGCG		5	5	60.0	64.8	60.0	70.0	9	0	NA01_A	NA01
chr2	1153054	chr10	118857633	right	right	TRA	GCCGGGCGC		2	2	60.0	64.0	60.0	70.0	9	0	NA01_A	NA01
chr2	1153054	chr11	3715679	right	right	TRA		AAAAACTACAGCGGG	1	1	60.0	65.0	60.0	70.0	0	15	NA01_A	NA01
chr2	1153054	chr12	70076729	right	right	TRA			1	1	60.0	64.0	60.0	86.0	0	0	NA01_A	NA01
chr2	1153054	chr13	50545852	right	right	TRA	TCTCAAA		1	1	60.0	65.0	60.0	92.0	7	0	NA01_A	NA01
chr2	1153054	chr14	99506779	right	left	TRA	GGCACCGCG		10	5	60.0	65.2	60.0	69.0	9	0	NA01_A	NA01
chr2	1153054	chr15	90103757	right	right	TRA	ACTTCCTAA		1	1	60.0	64.0	60.0	95.0	9	0	NA01_A	NA01
chr2	1153054	chr19	41866699	right	left	TRA	CACCGCG		3	3	60.0	65.0	60.0	92.0	7	0	NA01_A	NA01
chr2	1153054	chr2	1153085	right	left	DEL		CCCCGTTCTCGATCTGTCCACCCTCCCTGCT	1	1	60.0	65.0	54.0	54.0	0	31	NA01_A	NA01
chr2	1153054	chr3	12818452	right	left	TRA		CCCGGCT	4	2	60.0	57.5	60.0	85.5	0	7	NA01_A	NA01
chr2	1153054	chr3	160237314	right	right	TRA	TTATGTG		1	1	60.0	65.0	60.0	92.0	7	0	NA01_A	NA01
chr2	1153054	chr4	151606870	right	left	TRA	GCCACCGCG		4	2	60.0	65.5	39.0	31.0	9	0	NA01_A	NA01
chr2	1153054	chr5	137283557	right	left	TRA	GGCACCGCG		4	2	60.0	64.0	60.0	67.0	9	0	NA01_A	NA01
chr2	1153054	chr6	135994254	right	right	TRA	GCCACCGCG		2	1	60.0	65.0	60.0	45.0	9	0	NA01_A	NA01
chr2	1153054	chr7	67959349	right	left	TRA	GGCACCGCG		2	1	60.0	63.0	60.0	96.0	9	0	NA01_A	NA01
chr2	1153054	chr7	89329972	right	right	TRA		C	1	1	60.0	65.0	60.0	84.0	0	1	NA01_A	NA01
chr2	1153054	chrX	101854376	right	right	TRA	AGAGT		1	1	60.0	64.0	60.0	69.0	5	0	NA01_A	NA01
chr2	1153054	chrX	101854376	right	right	TRA	CCGCG		1	1	60.0	64.0	60.0	69.0	5	0	NA01_A	NA01
chr2	1153055	chr10	134725008	right	left	TRA	CACCGCGG		6	3	60.0	65.0	60.0	66.0	8	0	NA01_A	NA01
chr2	1153055	chr13	34184940	right	left	TRA	CACCGCGG		2	1	60.0	66.0	60.0	60.0	8	0	NA01_A	NA01
chr2	1153055	chr6	134217249	right	left	TRA	CACCGCGG		2	1	60.0	66.0	60.0	48.0	8	0	NA01_A	NA01
chr2	1153056	chr2	1153076	right	left	DEL		CCCCCCCCCCCCTTCCCCCT	1	1	60.0	66.0	60.0	39.0	0	20	NA01_A	NA01
chr2	1153056	chr8	143433933	right	right	TRA	TCCCTGAGA		1	1	60.0	66.0	60.0	93.0	9	0	NA01_A	NA01
chr2	1153057	chr14	64970441	right	right	TRA	CGCGGCT		4	2	60.0	68.5	60.0	62.0	7	0	NA01_A	NA01
chr2	1153057	chr2	1152868	right	right	INV		G	1	1	60.0	67.0	60.0	67.0	0	1	NA01_A	NA01
chr2	1153057	chr2	1153006	right	left	DUP	TGCACCCCGGCACTGCGGCT		3	2	60.0	68.33333333333333	55.333333333333336	50.666666666666664	20	0	NA01_A	NA01
chr2	1153057	chr2	81385743	right	right	INV	GCACCTCGGCT		8	4	60.0	67.5	60.0	49.0	11	0	NA01_A	NA01
