read_name	read_number	chr1	breakpoint1	is_forward1	insert_size	is_supplementary1	mapping_quality1	cigar1	clip_side1	largest_clip_length1	largest_match_length1	extra_bases1	query_sequence	umi	umi_source_tag	umi_missing	umi_mi	is_duplicate	is_duplicate_raw	duplicate_source	chr2	start2	breakpoint2	is_forward2	mapping_quality2	cigar2	clip_side2	largest_clip_length2	largest_match_length2	extra_bases2	sv_type	mh_length	ins_length	mh_seq	ins_seq	extra_bases
VH02234:17:AAHLVKHM5:1:1202:58280:18323:ATAGGAGGAACG	True	chr2	1153084	True	0	False	60	3S95M53S	right	53	95	3	CAGCAGAGGTGTAGCTGAAGTGCACCCAGGCACTGCGGCTTGTGCGCTGAATGCACCCCGGCACCGCGGCTCGTGCGCTGGAGTGCAACCAGTACTGTAGCCTTGTAGTATTGTTTGAAGTCAGGTAGTGTGATGCCTCCAGCTTTGTTCT	ATAGGAGGAACG	RX	False		False	False	self_primary	chr8	24216860	24216919	False	0	59M92S	right	92	59	0	TRA	3	0	TAC		3
VH02234:17:AAHLVKHM5:1:2303:19500:3404:GACTTACTCTGA	True	chr2	1153082	True	0	False	60	93M58S	right	58	93	0	GAGAGGTGCAGCTGAAGTGCACCCCGGCACTGCGGATTGGGCGCTGAATGCACCACGGCACCGCGGCTGGTGCGCTGGAGTGCAACCAGTACTTCTACTGCCTCAGCCTCCCAAGTAGCTGGGACTACAGGTGTGTGCCACCATGCCCGGC	GACTTACTCTGA	RX	False		False	False	self_primary	chr10	123230284	123230284	True	0	97S54M	left	97	54	0	TRA	0	4		TCTA	0
VH02234:17:AAHLVKHM5:1:2305:17512:7248:AGTCTTTGGTCG	True	chr2	1153084	True	0	False	60	95M55S	right	55	95	0	GAGAGGTGCAGCTGAAGTGCACCCCGGCACTGCGGCTTGTGCGCTGAATGCACCCCGGCACCGCGGCTCGTGCGCTGGAGTGCAACCAGTACTGTTCCCTGGCCTGTTAGGAACCGGGCTGCAGAGCAGGAGGTGAGCAGCATGCATGTG	AGTCTTTGGTCG	RX	False		False	False	self_primary	chr8	33231521	33231521	True	60	83S67M	left	83	67	0	TRA	12	0	AACCAGTACTGT		0
VH02234:17:AAHLVKHM5:1:2407:51520:18985:AGCACAGGAGTT	False	chr2	1153082	False	-2	False	60	86M45S	right	45	86	0	GCAGCGGAAGGGCACCCCGGCACTGCGGCTTGTGCGCTGAATGCACCCCTGCACCGCGGCTCTTGCGCTGGAGTGCAACCAGTACTTTCCCTTGTCCCTACCCCTCCCCCCCCCCCCCCCCCCCCCCCCCC	AGCACAGGAGTT	RX	False		False	False	self_primary	chr2	33141441	33141472	True	0	31M100S	right	100	31	0	INV	0	14		TTCCCTTGTCCCTA	0
VH02234:17:AAHLVKHM5:1:2608:59227:50772:TAGTAGTCGCGT	False	chr2	1153082	False	0	False	60	86M41S	right	41	86	0	GCAGCTGAAGTGCACCCCGGCACTGCGGCTTGTGCGCTGAATGCACCCCGGCACCGCGGCTCGTGCGCTTGAGTTCAACCAGTACTTTTCCTTTTCCCCCCCCCCCCCCCCCCCCCCCCCCCCCCCC	TAGTAGTCGCGT	RX	False		False	False	self_primary	chr2	33141435	33141468	True	0	33M94S	right	94	33	0	INV	0	8		TTTCCTTT	0
VH02234:17:AAHLVKHM5:1:1403:60192:2136:TACTGTCCACGA	False	chr2	1153082	False	-24	False	60	73M58S	right	58	73	0	ACCCCGGCACTGCGGCTTGTGCGCTGAATGCACCCCGGCACCGCGGCTCGTGCGCTGGATTGCAACCCGTACTACTACTTTTTCTTACTTTTCCCCCCCCCCCCCCCCCCCCCCCCCCCCCCCCCCCCCCC	TACTGTCCACGA	RX	False		False	False	self_primary	chr2	33141584	33141624	True	0	40M91S	right	91	40	0	INV	0	18		ACTACTTTTTCTTACTTT	0
VH02234:17:AAHLVKHM5:1:1209:26771:11469:GCTTTCCCATCT	False	chr2	1153082	False	-26	False	60	70M60S	right	60	70	0	CCTGCACTGCGGCTTGTGCGCTGAAGGCACCCCGGCACCGCGGCTCGTGCGCTGGAGTTCAACCAGTACTTCTTCTTTTGCGTACTCTTCCCCCCCCCCCCCCCCCCCCCCCCCCCCCCACCCCCCCCCC	GCTTTCCCATCT	RX	False		False	False	self_primary	chr2	33141582	33141624	True	0	42M88S	right	88	42	0	INV	0	18		TCTTCTTTTGCGTACTCT	0
VH02234:17:AAHLVKHM5:1:2411:34895:35077:CAACAGTGGCAC	False	chr2	1153083	False	-25	False	60	60M69S	right	69	60	0	GCTTGTGCGCTGAATGCACCCCGGCACCGCGGCTCGTGCGCTTGAGTGCAACCAGTACTGCTTCTCTTTCCCACTCTTCCCCCCCCCCCCCCCCCCCCCCCCCCCCCCCCCCCCCCCCCCCCCCCCCCC	CAACAGTGGCAC	RX	False		False	False	self_primary	chr2	33141349	33141401	True	0	52M77S	right	77	52	0	INV	0	17		CTTCTCTTTCCCACTCT	0
VH02234:17:AAHLVKHM5:1:2101:32130:5733:GCCCCTTGCCTC	True	chr2	1153076	True	26	False	60	87S63M	left	87	63	0	CAGAGGTGCAGCTGAAGTGCACCCCGGCACTGTGGGGGGGGCACGGAGCGGAACCCGGGGCAACTAGCAGGGCGCGTTAGGGCACCTAGTACTGTGGCTTGTGCGTACTTGGCAAAAGCCCCCCAGACACTCACACGTGCACAAGGATGC	GCCCCTTGCCTC	RX	False		False	False	self_primary	chr2	1152989	1153021	True	60	32M118S	right	118	32	0	DEL	0	55		TGGGGGGGGCACGGAGCGGAACCCGGGGCAACTAGCAGGGCGCGTTAGGGCACCT	0
VH02234:17:AAHLVKHM5:1:2101:59965:17698:ACGAATTCGAGC	True	chr2	1153076	True	-52	True	60	87H32M	left	87	32	0	TAGAGGTGCAGCTGAAGTGCACCCCGGCACTGCGGCGGTCGCGGTAAACACACCCCAGCACCGCCGCCGGGGCGGGGGAGTGGAAATAGTACTGTGGCTTGTGCGTACTTGGCAAAAGC	ACGAATTCGAGC	RX	False		False	False	resolved_primary	chr2	1152989	1153025	True	60	36M83S	right	83	36	0	DEL	0	51		GGTCGCGGTAAACACACCCCAGCACCGCCGCCGGGGCGGGGGAGTGGAAAT	0
VH02234:17:AAHLVKHM5:1:1506:57579:2477:CCCTCGGAGCGG	True	chr2	1153079	True	49	False	60	28S49M	left	28	49	0	AAGAGGTGCAGCTGAAGTGCACCCCGGCACTGTGGCTTGTGCGTACTTGGCAAAAGCCCCCCAGACACTCACACGTG	CCCTCGGAGCGG	RX	False		False	False	self_primary	chr2	1152989	1153032	True	60	43M34S	right	34	43	0	DEL	15	0	ACTGTGGCTTGTGCG		0
VH02234:17:AAHLVKHM5:1:2601:67217:50242:GACCCACGGGAT	True	chr2	1153079	True	59	False	60	28S59M	left	28	59	0	GAGAGGTGCAGCTGAAGTGCACCCCGGCACTGTGGCTTGTGCGTACTTGGCAAAAGCCCCCCAGACACTCACACGTGCACAAGGATG	GACCCACGGGAT	RX	False		False	False	self_primary	chr2	1152989	1153032	True	60	43M44S	right	44	43	0	DEL	15	0	ACTGTGGCTTGTGCG		0
VH02234:17:AAHLVKHM5:1:2207:39193:28470:GTGTAGTCACCC	True	chr2	1153079	True	99	False	60	27S99M	left	27	99	0	AGAGGTGCAGCTGAAGTGCACCCCGGCACTGTGGCTTGTGCGTACTTGGCAAAAGCCCCCCAGACACTCACACGTGCACAAGGATGCCAGACAGGAGGGAAGGTGTCCACGAAGAGGCCTTCACAC	GTGTAGTCACCC	RX	False		False	False	self_primary	chr2	1152990	1153032	True	60	42M84S	right	84	42	0	DEL	15	0	ACTGTGGCTTGTGCG		0
VH02234:17:AAHLVKHM5:1:1310:64150:21995:CCTTCCTAGGGG	True	chr2	1153079	True	-49	True	60	27H36M	left	27	36	0	AGAGGTGCAGCTGAAGTGCACCCCGGCACTGTGGCTTGTGCGTACTTGGCAAAAGCCCCCCAG	CCTTCCTAGGGG	RX	False		False	False	resolved_primary	chr2	1152990	1153032	True	60	42M21S	right	21	42	0	DEL	15	0	ACTGTGGCTTGTGCG		0
VH02234:17:AAHLVKHM5:1:1506:57579:2477:CCCTCGGAGCGG	False	chr2	1153079	False	-49	False	60	28S49M	left	28	49	0	AAGAGGTGCAGCTGAAGTGCACCCCGGCACTGTGGCTTGTGCGTACTTGGCAAAAGCCCCCCAGACACTCACACGTG	CCCTCGGAGCGG	RX	False		False	False	self_primary	chr2	1152989	1153032	False	60	43M34S	right	34	43	0	DEL	15	0	ACTGTGGCTTGTGCG		0
VH02234:17:AAHLVKHM5:1:2207:39193:28470:GTGTAGTCACCC	False	chr2	1153079	False	-99	False	60	49S99M	left	49	99	0	GGACACGACGCGCTTCCGATCTAGAGGTGCAGCTGAAGTGCACCCCGGCACTGTGGCTTGTGCGTACTTGGCAAAAGCCCCCCAGACACTCACACGTGCACAAGGATGCCAGACAGGAGGGAAGGTGTCCACGAAGAGGCCTTCACAC	GTGTAGTCACCC	RX	False		False	False	self_primary	chr2	1152990	1153032	False	60	22S42M84S	right	84	42	22	DEL	0	7		CCCCGGC	0
VH02234:17:AAHLVKHM5:1:2601:67217:50242:GACCCACGGGAT	False	chr2	1153079	False	-59	False	60	28S59M	left	28	59	0	GAGAGGTGCAGCTGAAGTGCACCCCGGCACTGTGGCTTGTGCGTACTTGGCAAAAGCCCCCCAGACACTCACACGTGCACAAGGATG	GACCCACGGGAT	RX	False		False	False	self_primary	chr2	1152989	1153032	False	60	43M44S	right	44	43	0	DEL	15	0	ACTGTGGCTTGTGCG		0
VH02234:17:AAHLVKHM5:1:2509:40121:51624:TACTCTCCCGTC	True	chr2	1153080	True	-52	False	47	92S58M	left	92	58	0	CTAGAGGTGCAGCTGAAGTGCACCCCGGCACTGCAGATCGGACGAAGCACACACCCGAACCCCAGTCACCTCGCACAGACGCTCACACCATCCTGTGGCTTGTGCGTACTTGGCAAAAGCAACAAAGACACTCACACGTGCACAAGGATG	TACTCTCCCGTC	RX	False		False	False	self_primary	chr2	1152988	1153022	True	47	34M116S	right	116	34	0	DEL	0	58		AGATCGGACGAAGCACACACCCGAACCCCAGTCACCTCGCACAGACGCTCACACCATC	0
VH02234:17:AAHLVKHM5:1:2105:30388:38826:GTCCCGCCACAC	True	chr2	1153080	True	-47	False	39	92S59M	left	92	59	0	TCAGAGGTGCAGCTGAAGTGCACCCCGGCACGGATGGGGAGAGGACACATCTAACCTGAAATCGCGTCGCACAGGCTGGATTGGCACCGGTGCTGTGGCTTGTGCGTACTTGGCAAAAGCACAACAGAAACTCACACGTGCACAAGGATGC	GTCCCGCCACAC	RX	False		False	False	self_primary	chr2	1152988	1153019	True	39	31M120S	right	120	31	0	DEL	0	61		GGATGGGGAGAGGACACATCTAACCTGAAATCGCGTCGCACAGGCTGGATTGGCACCGGTG	0
